{
  "accuracy": 0.8661,
  "f1_score": 0.8671,
  "labels": [
    "A",
    "A+",
    "B",
    "C",
    "D",
    "E",
    "F"
  ],
  "confusion_matrix": [
    [
      283,
      1,
      20,
      12,
      7,
      14,
      2
    ],
    [
      0,
      339,
      0,
      0,
      0,
      0,
      0
    ],
    [
      24,
      0,
      278,
      7,
      8,
      20,
      2
    ],
    [
      21,
      0,
      22,
      271,
      10,
      12,
      4
    ],
    [
      11,
      0,
      13,
      9,
      296,
      9,
      1
    ],
    [
      25,
      0,
      15,
      5,
      3,
      290,
      1
    ],
    [
      7,
      0,
      13,
      4,
      7,
      9,
      300
    ]
  ],
  "report": {
    "A": {
      "precision": 0.7628032345013477,
      "recall": 0.8348082595870207,
      "f1-score": 0.7971830985915493,
      "support": 339.0
    },
    "A+": {
      "precision": 0.9970588235294118,
      "recall": 1.0,
      "f1-score": 0.9985272459499264,
      "support": 339.0
    },
    "B": {
      "precision": 0.7700831024930748,
      "recall": 0.8200589970501475,
      "f1-score": 0.7942857142857143,
      "support": 339.0
    },
    "C": {
      "precision": 0.8798701298701299,
      "recall": 0.7970588235294118,
      "f1-score": 0.8364197530864198,
      "support": 340.0
    },
    "D": {
      "precision": 0.8942598187311178,
      "recall": 0.8731563421828908,
      "f1-score": 0.8835820895522388,
      "support": 339.0
    },
    "E": {
      "precision": 0.8192090395480226,
      "recall": 0.855457227138643,
      "f1-score": 0.836940836940837,
      "support": 339.0
    },
    "F": {
      "precision": 0.967741935483871,
      "recall": 0.8823529411764706,
      "f1-score": 0.9230769230769231,
      "support": 340.0
    },
    "accuracy": 0.8661052631578947,
    "macro avg": {
      "precision": 0.8701465834509964,
      "recall": 0.8661275129520833,
      "f1-score": 0.8671450944976584,
      "support": 2375.0
    },
    "weighted avg": {
      "precision": 0.8701917703556079,
      "recall": 0.8661052631578947,
      "f1-score": 0.8671557077554133,
      "support": 2375.0
    }
  },
  "per_class_f1": [
    0.7972,
    0.9985,
    0.7943,
    0.8364,
    0.8836,
    0.8369,
    0.9231
  ]
}