{
  "accuracy": 0.8657,
  "f1_score": 0.8668,
  "labels": [
    "A",
    "A+",
    "B",
    "C",
    "D",
    "E",
    "F"
  ],
  "confusion_matrix": [
    [
      285,
      1,
      20,
      11,
      6,
      11,
      5
    ],
    [
      0,
      339,
      0,
      0,
      0,
      0,
      0
    ],
    [
      23,
      0,
      284,
      6,
      9,
      15,
      2
    ],
    [
      25,
      0,
      19,
      270,
      9,
      15,
      2
    ],
    [
      11,
      1,
      14,
      9,
      292,
      10,
      2
    ],
    [
      24,
      0,
      19,
      5,
      2,
      288,
      1
    ],
    [
      8,
      0,
      14,
      7,
      5,
      8,
      298
    ]
  ],
  "report": {
    "A": {
      "precision": 0.7579787234042553,
      "recall": 0.8407079646017699,
      "f1-score": 0.7972027972027972,
      "support": 339.0
    },
    "A+": {
      "precision": 0.9941348973607038,
      "recall": 1.0,
      "f1-score": 0.9970588235294118,
      "support": 339.0
    },
    "B": {
      "precision": 0.7675675675675676,
      "recall": 0.8377581120943953,
      "f1-score": 0.8011283497884344,
      "support": 339.0
    },
    "C": {
      "precision": 0.8766233766233766,
      "recall": 0.7941176470588235,
      "f1-score": 0.8333333333333334,
      "support": 340.0
    },
    "D": {
      "precision": 0.9040247678018576,
      "recall": 0.8613569321533924,
      "f1-score": 0.8821752265861027,
      "support": 339.0
    },
    "E": {
      "precision": 0.829971181556196,
      "recall": 0.8495575221238938,
      "f1-score": 0.8396501457725948,
      "support": 339.0
    },
    "F": {
      "precision": 0.9612903225806452,
      "recall": 0.8764705882352941,
      "f1-score": 0.916923076923077,
      "support": 340.0
    },
    "accuracy": 0.8656842105263158,
    "macro avg": {
      "precision": 0.8702272624135146,
      "recall": 0.8657098237525099,
      "f1-score": 0.866781679019393,
      "support": 2375.0
    },
    "weighted avg": {
      "precision": 0.8702682978553576,
      "recall": 0.8656842105263158,
      "f1-score": 0.8667887076729582,
      "support": 2375.0
    }
  },
  "per_class_f1": [
    0.7972,
    0.9971,
    0.8011,
    0.8333,
    0.8822,
    0.8397,
    0.9169
  ]
}