{
  "accuracy": 0.8707368421052631,
  "f1_score": 0.872131533848509,
  "report": {
    "A": {
      "precision": 0.7506493506493507,
      "recall": 0.8525073746312685,
      "f1-score": 0.7983425414364641,
      "support": 339.0
    },
    "A+": {
      "precision": 1.0,
      "recall": 1.0,
      "f1-score": 1.0,
      "support": 339.0
    },
    "B": {
      "precision": 0.7890410958904109,
      "recall": 0.8495575221238938,
      "f1-score": 0.8181818181818182,
      "support": 339.0
    },
    "C": {
      "precision": 0.903010033444816,
      "recall": 0.7941176470588235,
      "f1-score": 0.8450704225352113,
      "support": 340.0
    },
    "D": {
      "precision": 0.9428571428571428,
      "recall": 0.8761061946902655,
      "f1-score": 0.908256880733945,
      "support": 339.0
    },
    "E": {
      "precision": 0.8016528925619835,
      "recall": 0.8584070796460177,
      "f1-score": 0.8290598290598291,
      "support": 339.0
    },
    "F": {
      "precision": 0.9514563106796117,
      "recall": 0.8647058823529412,
      "f1-score": 0.9060092449922958,
      "support": 340.0
    },
    "accuracy": 0.8707368421052631,
    "macro avg": {
      "precision": 0.8769524037261878,
      "recall": 0.8707716715004585,
      "f1-score": 0.872131533848509,
      "support": 2375.0
    },
    "weighted avg": {
      "precision": 0.8769947454258392,
      "recall": 0.8707368421052631,
      "f1-score": 0.8721344039958061,
      "support": 2375.0
    }
  }
}