{
  "accuracy": 0.8581,
  "f1_score": 0.8587,
  "report": {
    "A": {
      "precision": 0.7650273224043715,
      "recall": 0.8259587020648967,
      "f1-score": 0.7943262411347518,
      "support": 339.0
    },
    "A+": {
      "precision": 0.9941348973607038,
      "recall": 1.0,
      "f1-score": 0.9970588235294118,
      "support": 339.0
    },
    "B": {
      "precision": 0.7721179624664879,
      "recall": 0.8495575221238938,
      "f1-score": 0.8089887640449438,
      "support": 339.0
    },
    "C": {
      "precision": 0.8585858585858586,
      "recall": 0.75,
      "f1-score": 0.8006279434850864,
      "support": 340.0
    },
    "D": {
      "precision": 0.9267515923566879,
      "recall": 0.8584070796460177,
      "f1-score": 0.891271056661562,
      "support": 339.0
    },
    "E": {
      "precision": 0.7983651226158038,
      "recall": 0.8643067846607669,
      "f1-score": 0.830028328611898,
      "support": 339.0
    },
    "F": {
      "precision": 0.9211356466876972,
      "recall": 0.8588235294117647,
      "f1-score": 0.8888888888888888,
      "support": 340.0
    },
    "accuracy": 0.8581052631578947,
    "macro avg": {
      "precision": 0.8623026289253729,
      "recall": 0.8581505168439056,
      "f1-score": 0.8587414351937918,
      "support": 2375.0
    },
    "weighted avg": {
      "precision": 0.8623258357663931,
      "recall": 0.8581052631578947,
      "f1-score": 0.8587296600198915,
      "support": 2375.0
    }
  }
}