{
  "accuracy": 0.9776,
  "f1_score": 0.9777,
  "report": {
    "A": {
      "precision": 0.9873006497341996,
      "recall": 0.9499857914180165,
      "f1-score": 0.9682838522809558,
      "support": 3519.0
    },
    "A+": {
      "precision": 1.0,
      "recall": 0.9988633134413185,
      "f1-score": 0.9994313335228888,
      "support": 3519.0
    },
    "B": {
      "precision": 0.9896670493685419,
      "recall": 0.9795454545454545,
      "f1-score": 0.9845802398629354,
      "support": 3520.0
    },
    "C": {
      "precision": 0.9832481544576945,
      "recall": 0.9838068181818181,
      "f1-score": 0.9835274069866515,
      "support": 3520.0
    },
    "D": {
      "precision": 0.9885485256226739,
      "recall": 0.9809659090909091,
      "f1-score": 0.9847426208469985,
      "support": 3520.0
    },
    "E": {
      "precision": 0.9114352696014587,
      "recall": 0.9940340909090909,
      "f1-score": 0.9509444217964398,
      "support": 3520.0
    },
    "F": {
      "precision": 0.9897028537805237,
      "recall": 0.9556818181818182,
      "f1-score": 0.972394854747796,
      "support": 3520.0
    },
    "accuracy": 0.9775549963471061,
    "macro avg": {
      "precision": 0.9785575003664418,
      "recall": 0.9775547422526324,
      "f1-score": 0.9777006757206664,
      "support": 24638.0
    },
    "weighted avg": {
      "precision": 0.9785562752000726,
      "recall": 0.9775549963471061,
      "f1-score": 0.977700175930328,
      "support": 24638.0
    }
  }
}