{
  "accuracy": 0.8602,
  "f1_score": 0.8616,
  "labels": [
    "A",
    "A+",
    "B",
    "C",
    "D",
    "E",
    "F"
  ],
  "confusion_matrix": [
    [
      283,
      1,
      19,
      7,
      7,
      21,
      1
    ],
    [
      0,
      339,
      0,
      0,
      0,
      0,
      0
    ],
    [
      31,
      0,
      266,
      9,
      5,
      23,
      5
    ],
    [
      29,
      0,
      17,
      268,
      4,
      20,
      2
    ],
    [
      8,
      0,
      13,
      9,
      297,
      11,
      1
    ],
    [
      20,
      0,
      17,
      9,
      2,
      290,
      1
    ],
    [
      8,
      0,
      15,
      5,
      5,
      7,
      300
    ]
  ],
  "report": {
    "A": {
      "precision": 0.7467018469656992,
      "recall": 0.8348082595870207,
      "f1-score": 0.7883008356545961,
      "support": 339.0
    },
    "A+": {
      "precision": 0.9970588235294118,
      "recall": 1.0,
      "f1-score": 0.9985272459499264,
      "support": 339.0
    },
    "B": {
      "precision": 0.7665706051873199,
      "recall": 0.7846607669616519,
      "f1-score": 0.7755102040816326,
      "support": 339.0
    },
    "C": {
      "precision": 0.8729641693811075,
      "recall": 0.788235294117647,
      "f1-score": 0.8284389489953632,
      "support": 340.0
    },
    "D": {
      "precision": 0.928125,
      "recall": 0.8761061946902655,
      "f1-score": 0.9013657056145675,
      "support": 339.0
    },
    "E": {
      "precision": 0.7795698924731183,
      "recall": 0.855457227138643,
      "f1-score": 0.8157524613220816,
      "support": 339.0
    },
    "F": {
      "precision": 0.967741935483871,
      "recall": 0.8823529411764706,
      "f1-score": 0.9230769230769231,
      "support": 340.0
    },
    "accuracy": 0.8602105263157894,
    "macro avg": {
      "precision": 0.8655331818600753,
      "recall": 0.8602315262388142,
      "f1-score": 0.8615674749564416,
      "support": 2375.0
    },
    "weighted avg": {
      "precision": 0.8655793459616101,
      "recall": 0.8602105263157894,
      "f1-score": 0.8615794248184033,
      "support": 2375.0
    }
  },
  "per_class_f1": [
    0.7883,
    0.9985,
    0.7755,
    0.8284,
    0.9014,
    0.8158,
    0.9231
  ]
}